{
    "num-samples": 250,
    "labels": {
        "folder1_000000000": "ပမာဏတိုးမ",
        "folder1_000000001": "တ်ညစ်နေ",
        "folder1_000000002": "ပဲ၊ပဲစင",
        "folder1_000000003": "ခန်းတွ",
        "folder1_000000004": "္ဒိမာ၈ဗီ",
        "folder1_000000005": "င်ယူပါ။",
        "folder1_000000006": "ပတင်ပို",
        "folder1_000000007": "ေးကြီးခ",
        "folder1_000000008": "်းချမှုပ",
        "folder1_000000009": "လျော့ကျစေ",
        "folder1_000000010": "်တရားဝင်",
        "folder1_000000011": "၃ညနေခင်",
        "folder1_000000012": "၁၁။ဝန်မလ",
        "folder1_000000013": "ိုးကျွေ",
        "folder1_000000014": "ုပ်နိုင်",
        "folder1_000000015": "်လုပ်န",
        "folder1_000000016": "ရာခံစားမှ",
        "folder1_000000017": "်နှုန်းလ",
        "folder1_000000018": "ကိုဖြစ်စ",
        "folder1_000000019": "နိုင်ငံတ",
        "folder1_000000020": "ုစီးပ",
        "folder1_000000021": "ခြောက်လအတ",
        "folder1_000000022": "ွေ့ရပ",
        "folder1_000000023": "ခန်းတွ",
        "folder1_000000024": "တွေအနေနဲ",
        "folder1_000000025": "နိုင်ယူပါ",
        "folder1_000000026": "န်းခွဲ",
        "folder1_000000027": "င်အလင်း",
        "folder1_000000028": "စီယမ်၁၁",
        "folder1_000000029": "စ်သန်းခွ",
        "folder1_000000030": "းတို့ကြေ",
        "folder1_000000031": "လေးဘူး။",
        "folder1_000000032": "ြောသည်။လူ",
        "folder1_000000033": "ဟုစီးပွာ",
        "folder1_000000034": "က်ရနေ",
        "folder1_000000035": "်္ခတဓာတ",
        "folder1_000000036": "ပါစေလို",
        "folder1_000000037": "း၊ဈေး",
        "folder1_000000038": "ပြီးစားနေ",
        "folder1_000000039": "ွေ့ရပ",
        "folder1_000000040": "ိုင်းအိ",
        "folder1_000000041": "ကပဲစားပွ",
        "folder1_000000042": "်နဲ့ဝယ်",
        "folder1_000000043": "့ပဲရော",
        "folder1_000000044": "ြင့်ပဲမရေ",
        "folder1_000000045": "ရွှေချ",
        "folder1_000000046": "ုနဲ့မပြ",
        "folder1_000000047": "ရသေးဘ",
        "folder1_000000048": "ူးဆို",
        "folder1_000000049": "မြင့်ကဆို",
        "folder2_000000050": "အထနည်းနေခ",
        "folder2_000000051": "ှုရှိခဲ့တ",
        "folder2_000000052": "းနှင့်ကူး",
        "folder2_000000053": "နိုင်မည့်",
        "folder2_000000054": "င်းအစည်းအ",
        "folder2_000000055": "ဲရောင်းချ",
        "folder2_000000056": "တဲ့အုပ်စု",
        "folder2_000000057": "အားမြှင့်",
        "folder2_000000058": "ိုစောင့်ရ",
        "folder2_000000059": "ာအေးဘုရား",
        "folder2_000000060": "းဧည့်ခံကျ",
        "folder2_000000061": "မည့်ဆင်းရ",
        "folder2_000000062": "းဘူး။ကိလေ",
        "folder2_000000063": "ုခြောက်လအ",
        "folder2_000000064": "ေးအပ်သည်။",
        "folder2_000000065": "းကိုဒုတိယ",
        "folder2_000000066": "်။ကာမဂုဏ်",
        "folder2_000000067": "င်းပြသည်။",
        "folder2_000000068": "င်ဒီဟာအဆီ",
        "folder2_000000069": "ာကြားခြင်",
        "folder2_000000070": "း၌ပြည်ထော",
        "folder2_000000071": "ိုပြောင်း",
        "folder2_000000072": "ောက်သုံးရ",
        "folder2_000000073": "မှတ်ဝယ်ယူ",
        "folder2_000000074": "ွန်းခြင်း",
        "folder2_000000075": "ကယ်လိုရီက",
        "folder2_000000076": "ည့်ခံကျွေ",
        "folder2_000000077": "စီးဌာနအော",
        "folder2_000000078": "့ကျင့်ခန်",
        "folder2_000000079": "စ်ပါတယ်။ဗ",
        "folder2_000000080": "ိသည်ဟုဒုတ",
        "folder2_000000081": "င်ပါ။တစ်ည",
        "folder2_000000082": "်းချရန်ဈေ",
        "folder2_000000083": "ွံမာတဲ့အစ",
        "folder2_000000084": "ားသီးနှံမ",
        "folder2_000000085": "ြင်းတို့က",
        "folder2_000000086": "ရှင်းပြသည",
        "folder2_000000087": "်မှာအဆီတွ",
        "folder2_000000088": "ည်းစားပေး",
        "folder2_000000089": "ရာတာ်အရှင",
        "folder2_000000090": "င့်ချိန်တ",
        "folder2_000000091": "ုင်းအိမ်အ",
        "folder2_000000092": "ဝန်ကြီးကရ",
        "folder2_000000093": "်မယ့်အလွယ",
        "folder2_000000094": "က်လအတွင်း",
        "folder2_000000095": "်းဖြစ်သည်",
        "folder2_000000096": "ျားကိုဒုတ",
        "folder2_000000097": "ီးကရှင်းပ",
        "folder2_000000098": "ပေါ်ရှိသက",
        "folder2_000000099": "လာစေရေးညှ",
        "folder3_000000100": "ွင်းပြောက",
        "folder3_000000101": "်ကြီးရ",
        "folder3_000000102": "ှု၅ရှ",
        "folder3_000000103": "့်လေ့ကျင",
        "folder3_000000104": "ဖြင့်ပဲ",
        "folder3_000000105": "ပမာဏတိုး",
        "folder3_000000106": "ျားပေးအ",
        "folder3_000000107": "းညို၊ခေ",
        "folder3_000000108": "ဥ့်နက",
        "folder3_000000109": "ာအဆီကို",
        "folder3_000000110": "ကိုတင်နက်",
        "folder3_000000111": "ကသိုလ်မှ",
        "folder3_000000112": "ပ်ကိုရှာ",
        "folder3_000000113": "ှိအမျိုးသ",
        "folder3_000000114": "ပဲမို့မ",
        "folder3_000000115": "်နက်ဆ",
        "folder3_000000116": "့ကျစေတာကိ",
        "folder3_000000117": "ျင့်ခန်",
        "folder3_000000118": "င်းချမှု",
        "folder3_000000119": "်။ဗီတာမ",
        "folder3_000000120": "ု့ကာကွယ်",
        "folder3_000000121": "သို့ပဲရော",
        "folder3_000000122": "ထောပတ်",
        "folder3_000000123": "ရှိရပါတ",
        "folder3_000000124": "က်ပါ။ရည်ထ",
        "folder3_000000125": "ေရန်အစ",
        "folder3_000000126": "့စိတ်",
        "folder3_000000127": "်တယ်လို့",
        "folder3_000000128": "နဒုတိ",
        "folder3_000000129": "ုဖြစ်စေန",
        "folder3_000000130": "င်းတငှက",
        "folder3_000000131": "ပ်ရာဝင",
        "folder3_000000132": "စုတစ်ခုရှ",
        "folder3_000000133": "န်မာနိုင",
        "folder3_000000134": "်သူမျာ",
        "folder3_000000135": "်ဆင်းရဲ",
        "folder3_000000136": "င်းအပါအဝင",
        "folder3_000000137": "ပါတယ်။၂",
        "folder3_000000138": "ါအဝင်တစ်န",
        "folder3_000000139": "တ်ဝယ်ယူခြ",
        "folder3_000000140": "းသုံးမှ",
        "folder3_000000141": "ုကြိုက်န",
        "folder3_000000142": "မာဏတိုး",
        "folder3_000000143": "၌ပဲစား",
        "folder3_000000144": "့ပဲမျိုး",
        "folder3_000000145": "ူကြိုကလေး",
        "folder3_000000146": "ိုင်း",
        "folder3_000000147": "ပဲစားတာ",
        "folder3_000000148": "ားပါ့မ",
        "folder3_000000149": "်။၆ဒိန",
        "folder4_000000150": "၈ခသနဖ္ဒဥဌ",
        "folder4_000000151": "ွ၁ဉဲ၉ဗပ",
        "folder4_000000152": "ဥခတသး၁့",
        "folder4_000000153": "နခဟဦမံီအ",
        "folder4_000000154": "့္၄ု၇",
        "folder4_000000155": "။၉ဇတး။",
        "folder4_000000156": "ကုျါခာယ",
        "folder4_000000157": "၇ှဉဲဗသဓဥယ",
        "folder4_000000158": "ဟပဧဒ၍ဏ၉ာ",
        "folder4_000000159": "ညာဌိ်၀၍၉၁",
        "folder4_000000160": "ဗ၀္ယါ",
        "folder4_000000161": "ဌဌညစ၀၌",
        "folder4_000000162": "မဂ၍ဤခ၆",
        "folder4_000000163": "ဥဧဥ၁၂",
        "folder4_000000164": "ျာယ၊၂ယယ၇",
        "folder4_000000165": "။ျးငစံ",
        "folder4_000000166": "ုတဘန၀းဥါ",
        "folder4_000000167": "ဒဝ္ဓံစ္ိ၃",
        "folder4_000000168": "ဘ၍ဂစဌဂအ",
        "folder4_000000169": "ဆဓြေဒ",
        "folder4_000000170": "၂ဌွ။ဋဝဘ၈မ",
        "folder4_000000171": "၎၇ဋမန၏ီ၄တ",
        "folder4_000000172": "ံ၎၇ရညဂဤျ်",
        "folder4_000000173": "ါဋ၍ဌဉ၆ေ",
        "folder4_000000174": "၄ဤဘ၏ာတ",
        "folder4_000000175": "ဖ၉ု့ုဌလ၃ဈ",
        "folder4_000000176": "၍ဲအတြ၈ဇ",
        "folder4_000000177": "၈ငထဆထ",
        "folder4_000000178": "၅ယဏဟီအဗ",
        "folder4_000000179": "ရြ္ဧဇ",
        "folder4_000000180": "မဉေဒ၍၁့၊",
        "folder4_000000181": "ညမဏ၇တခ၇ာက",
        "folder4_000000182": "ဈမကရဒှဏဒပ",
        "folder4_000000183": "၊ဗန၃ူအူွိ",
        "folder4_000000184": "္၇ယံှ",
        "folder4_000000185": "ျ၏ဝ၉ဂ",
        "folder4_000000186": "၁၍ေရ္ဏ",
        "folder4_000000187": "ဖဒဆဉဇဈဓဌဏ",
        "folder4_000000188": "ဂဟှခဉဏ",
        "folder4_000000189": "း။ှစကူ",
        "folder4_000000190": "ြဤထ့နဂ၁ိူ",
        "folder4_000000191": "့ဗံ၎္ပ၏",
        "folder4_000000192": "၉၃ဥင၏၎ဂ္င",
        "folder4_000000193": "းမ့ံ်ဇဧ",
        "folder4_000000194": "ငဌွိ၌ဦပ",
        "folder4_000000195": "ထဓ၍ိ၌သဘ",
        "folder4_000000196": "၊်၏ေထ္ဏ၁ဓ",
        "folder4_000000197": "ွဋှ၏၈၅",
        "folder4_000000198": "တ်ံက၈၁ံ",
        "folder4_000000199": "ါျဒဉဝူဦပု",
        "folder5_000000200": "သိသာသဝေပေးခ",
        "folder5_000000201": "တစ်မျိုးုအနို",
        "folder5_000000202": "ြိုက်နှစ်သုံးပြုတ",
        "folder5_000000203": "လုပ်ဆပါတယ်။မျှ",
        "folder5_000000204": "မှုကြောငကြသည်။က",
        "folder5_000000205": "ာလူမျိုးသီးနှံမ",
        "folder5_000000206": "်ယူပါသည်။ဆရ",
        "folder5_000000207": "းအပါအဝင်္ဒိယန",
        "folder5_000000208": "ာက်ရေးဂေငါးစတာတွေ",
        "folder5_000000209": "်နဲ့ဝယ်မယင်မည့်ဆ",
        "folder5_000000210": "မှာအဆီနှံစာဥပမာ",
        "folder5_000000211": "ှာအဆီတွေစက်ပြုတ်ထာ",
        "folder5_000000212": "စဉ်ကယ််းဗိုက်အ",
        "folder5_000000213": "စားပေးပူတာလျော",
        "folder5_000000214": "ြည်ကြပါတယတွေကိုလည်",
        "folder5_000000215": "်မှတ်မညတစ်ဇွ",
        "folder5_000000216": "ှေချစ်သူငွေဘယ",
        "folder5_000000217": "ာင်သင့်ပါသာလျော့ကျ",
        "folder5_000000218": "မှုမြာင်းလ",
        "folder5_000000219": "းစားသုံးရုတင်နက်ဆ",
        "folder5_000000220": "ယ်လောက်နအသိပေ",
        "folder5_000000221": "ည်စိုားတွေပါဝ",
        "folder5_000000222": "တွင်စတာလျော",
        "folder5_000000223": "င်နက်ဆီးိုက်ပ",
        "folder5_000000224": "်ကြီးဌာုရယူပါ",
        "folder5_000000225": "သိသာသာေးဝန်က",
        "folder5_000000226": "့စက်နဲ့စိတ်ည",
        "folder5_000000227": "နိုင်းထည့်ပ",
        "folder5_000000228": "ာင်းချ်ပြီးရင်",
        "folder5_000000229": "်မာလူမ၁၀၀မီလ",
        "folder5_000000230": "ာကျပါလအိန္ဒိယနိ",
        "folder5_000000231": "ျိုးမ်အလင်းရော",
        "folder5_000000232": "်နဲ့ဝယ်မမယ်ဆိုတ",
        "folder5_000000233": "ုတင်နက်ဆီီချပေးတ",
        "folder5_000000234": "ုးကျွေး်သို့",
        "folder5_000000235": "်ပဲအိပ်တဲူများအားလ",
        "folder5_000000236": "တွင်ပေးနေတာမဟု",
        "folder5_000000237": "ြည်တွငပေးရမှာဖြ",
        "folder5_000000238": "လုံးပျေင်ကောင်ပ",
        "folder5_000000239": "ာရန်ရည်ရွယ်။၉ဆေးလိ",
        "folder5_000000240": "ောက်တာ္တာတစ",
        "folder5_000000241": "တောင်းမေတုန်းပို",
        "folder5_000000242": "သာသာလျးဝန်က",
        "folder5_000000243": "ပြု၍ချက်ပမ်းစေ",
        "folder5_000000244": "်လိုရီကိုြောင်းနှ",
        "folder5_000000245": "ေကောင်ပ့ယုံကြည်က",
        "folder5_000000246": "်ငံတွငရေးဂေဟာတ",
        "folder5_000000247": "ွားပါ့မယအတွက်ဗိုက",
        "folder5_000000248": "မီးတွုးသမီးတွ",
        "folder5_000000249": "ရန်တွန်ပျက်တ"
    }
}