{
  "num-samples": 50,
  "labels": {
    "000000000": "ရန်တွန်ပျက်တ",
    "000000001": "သိသာသဝေပေးခ",
    "000000002": "တစ်မျိုးုအနို",
    "000000003": "ြိုက်နှစ်သုံးပြုတ",
    "000000004": "လုပ်ဆပါတယ်။မျှ",
    "000000005": "မှုကြောငကြသည်။က",
    "000000006": "ာလူမျိုးသီးနှံမ",
    "000000007": "်ယူပါသည်။ဆရ",
    "000000008": "းအပါအဝင်္ဒိယန",
    "000000009": "မှာအဆီနှံစာဥပမာ",
    "000000010": "ာက်ရေးဂေငါးစတာတွေ",
    "000000011": "်နဲ့ဝယ်မယင်မည့်ဆ",
    "000000012": "စဉ်ကယ််းဗိုက်အ",
    "000000013": "ှာအဆီတွေစက်ပြုတ်ထာ",
    "000000014": "စားပေးပူတာလျော",
    "000000015": "ြည်ကြပါတယတွေကိုလည်",
    "000000016": "်မှတ်မညတစ်ဇွ",
    "000000017": "ှေချစ်သူငွေဘယ",
    "000000018": "ာင်သင့်ပါသာလျော့ကျ",
    "000000019": "မှုမြာင်းလ",
    "000000020": "ည်စိုားတွေပါဝ",
    "000000021": "းစားသုံးရုတင်နက်ဆ",
    "000000022": "ယ်လောက်နအသိပေ",
    "000000023": "တွင်စတာလျော",
    "000000024": "်ကြီးဌာုရယူပါ",
    "000000025": "င်နက်ဆီးိုက်ပ",
    "000000026": "သိသာသာေးဝန်က",
    "000000027": "့စက်နဲ့စိတ်ည",
    "000000028": "နိုင်းထည့်ပ",
    "000000029": "ာင်းချ်ပြီးရင်",
    "000000030": "်မာလူမ၁၀၀မီလ",
    "000000031": "ာကျပါလအိန္ဒိယနိ",
    "000000032": "ျိုးမ်အလင်းရော",
    "000000033": "်နဲ့ဝယ်မမယ်ဆိုတ",
    "000000034": "်ပဲအိပ်တဲူများအားလ",
    "000000035": "ုတင်နက်ဆီီချပေးတ",
    "000000036": "ုးကျွေး်သို့",
    "000000037": "ြည်တွငပေးရမှာဖြ",
    "000000038": "တွင်ပေးနေတာမဟု",
    "000000039": "ောက်တာ္တာတစ",
    "000000040": "လုံးပျေင်ကောင်ပ",
    "000000041": "ပြု၍ချက်ပမ်းစေ",
    "000000042": "ာရန်ရည်ရွယ်။၉ဆေးလိ",
    "000000043": "တောင်းမေတုန်းပို",
    "000000044": "သာသာလျးဝန်က",
    "000000045": "ွားပါ့မယအတွက်ဗိုက",
    "000000046": "မီးတွုးသမီးတွ",
    "000000047": "်ငံတွငရေးဂေဟာတ",
    "000000048": "ေကောင်ပ့ယုံကြည်က",
    "000000049": "်လိုရီကိုြောင်းနှ"
  },
  "sizes": {
    "000000000": [
      121,
      32
    ],
    "000000001": [
      208,
      32
    ],
    "000000002": [
      99,
      32
    ],
    "000000003": [
      123,
      32
    ],
    "000000004": [
      122,
      32
    ],
    "000000005": [
      190,
      32
    ],
    "000000006": [
      128,
      32
    ],
    "000000007": [
      144,
      32
    ],
    "000000008": [
      160,
      32
    ],
    "000000009": [
      157,
      32
    ],
    "000000010": [
      167,
      32
    ],
    "000000011": [
      145,
      32
    ],
    "000000012": [
      133,
      32
    ],
    "000000013": [
      163,
      32
    ],
    "000000014": [
      203,
      32
    ],
    "000000015": [
      206,
      32
    ],
    "000000016": [
      132,
      32
    ],
    "000000017": [
      146,
      32
    ],
    "000000018": [
      193,
      32
    ],
    "000000019": [
      113,
      32
    ],
    "000000020": [
      125,
      32
    ],
    "000000021": [
      194,
      32
    ],
    "000000022": [
      183,
      32
    ],
    "000000023": [
      141,
      32
    ],
    "000000024": [
      154,
      32
    ],
    "000000025": [
      127,
      32
    ],
    "000000026": [
      160,
      32
    ],
    "000000027": [
      114,
      32
    ],
    "000000028": [
      95,
      32
    ],
    "000000029": [
      115,
      32
    ],
    "000000030": [
      122,
      32
    ],
    "000000031": [
      160,
      32
    ],
    "000000032": [
      112,
      32
    ],
    "000000033": [
      137,
      32
    ],
    "000000034": [
      264,
      32
    ],
    "000000035": [
      189,
      32
    ],
    "000000036": [
      93,
      32
    ],
    "000000037": [
      171,
      32
    ],
    "000000038": [
      147,
      32
    ],
    "000000039": [
      178,
      32
    ],
    "000000040": [
      154,
      32
    ],
    "000000041": [
      117,
      32
    ],
    "000000042": [
      184,
      32
    ],
    "000000043": [
      144,
      32
    ],
    "000000044": [
      144,
      32
    ],
    "000000045": [
      203,
      32
    ],
    "000000046": [
      132,
      32
    ],
    "000000047": [
      156,
      32
    ],
    "000000048": [
      172,
      32
    ],
    "000000049": [
      96,
      32
    ]
  }
}