{
  "num-samples": 50,
  "labels": {
    "000000000": "ပဲစားတာ",
    "000000001": "ွင်းပြောက",
    "000000002": "်ကြီးရ",
    "000000003": "ှု၅ရှ",
    "000000004": "့်လေ့ကျင",
    "000000005": "ပမာဏတိုး",
    "000000006": "ဖြင့်ပဲ",
    "000000007": "ျားပေးအ",
    "000000008": "းညို၊ခေ",
    "000000009": "ာအဆီကို",
    "000000010": "ဥ့်နက",
    "000000011": "ကသိုလ်မှ",
    "000000012": "ကိုတင်နက်",
    "000000013": "ပ်ကိုရှာ",
    "000000014": "ှိအမျိုးသ",
    "000000015": "ပဲမို့မ",
    "000000016": "့ကျစေတာကိ",
    "000000017": "်နက်ဆ",
    "000000018": "ျင့်ခန်",
    "000000019": "င်းချမှု",
    "000000020": "်။ဗီတာမ",
    "000000021": "ု့ကာကွယ်",
    "000000022": "သို့ပဲရော",
    "000000023": "ထောပတ်",
    "000000024": "ရှိရပါတ",
    "000000025": "့စိတ်",
    "000000026": "်တယ်လို့",
    "000000027": "က်ပါ။ရည်ထ",
    "000000028": "နဒုတိ",
    "000000029": "ေရန်အစ",
    "000000030": "ုဖြစ်စေန",
    "000000031": "င်းတငှက",
    "000000032": "ပ်ရာဝင",
    "000000033": "စုတစ်ခုရှ",
    "000000034": "န်မာနိုင",
    "000000035": "်သူမျာ",
    "000000036": "်ဆင်းရဲ",
    "000000037": "င်းအပါအဝင",
    "000000038": "ပါတယ်။၂",
    "000000039": "တ်ဝယ်ယူခြ",
    "000000040": "ါအဝင်တစ်န",
    "000000041": "ုကြိုက်န",
    "000000042": "့ပဲမျိုး",
    "000000043": "းသုံးမှ",
    "000000044": "မာဏတိုး",
    "000000045": "၌ပဲစား",
    "000000046": "ူကြိုကလေး",
    "000000047": "ိုင်း",
    "000000048": "်။၆ဒိန",
    "000000049": "ားပါ့မ"
  },
  "sizes": {
    "000000000": [
      100,
      32
    ],
    "000000001": [
      168,
      32
    ],
    "000000002": [
      85,
      32
    ],
    "000000003": [
      39,
      32
    ],
    "000000004": [
      114,
      32
    ],
    "000000005": [
      132,
      32
    ],
    "000000006": [
      91,
      32
    ],
    "000000007": [
      75,
      32
    ],
    "000000008": [
      143,
      32
    ],
    "000000009": [
      127,
      32
    ],
    "000000010": [
      65,
      32
    ],
    "000000011": [
      107,
      32
    ],
    "000000012": [
      149,
      32
    ],
    "000000013": [
      117,
      32
    ],
    "000000014": [
      130,
      32
    ],
    "000000015": [
      77,
      32
    ],
    "000000016": [
      126,
      32
    ],
    "000000017": [
      74,
      32
    ],
    "000000018": [
      69,
      32
    ],
    "000000019": [
      96,
      32
    ],
    "000000020": [
      150,
      32
    ],
    "000000021": [
      133,
      32
    ],
    "000000022": [
      115,
      32
    ],
    "000000023": [
      154,
      32
    ],
    "000000024": [
      121,
      32
    ],
    "000000025": [
      70,
      32
    ],
    "000000026": [
      126,
      32
    ],
    "000000027": [
      177,
      32
    ],
    "000000028": [
      72,
      32
    ],
    "000000029": [
      100,
      32
    ],
    "000000030": [
      137,
      32
    ],
    "000000031": [
      126,
      32
    ],
    "000000032": [
      80,
      32
    ],
    "000000033": [
      110,
      32
    ],
    "000000034": [
      135,
      32
    ],
    "000000035": [
      136,
      32
    ],
    "000000036": [
      87,
      32
    ],
    "000000037": [
      152,
      32
    ],
    "000000038": [
      154,
      32
    ],
    "000000039": [
      156,
      32
    ],
    "000000040": [
      156,
      32
    ],
    "000000041": [
      97,
      32
    ],
    "000000042": [
      97,
      32
    ],
    "000000043": [
      67,
      32
    ],
    "000000044": [
      137,
      32
    ],
    "000000045": [
      72,
      32
    ],
    "000000046": [
      169,
      32
    ],
    "000000047": [
      57,
      32
    ],
    "000000048": [
      120,
      32
    ],
    "000000049": [
      66,
      32
    ]
  }
}